{"cameraMode":{"drawMode":0,"name":"Shaded","section":"Shading Mode"},"sceneLighting":false,"audioPlay":false,"sceneViewState":{"m_AlwaysRefresh":false,"showFog":true,"showSkybox":false,"showFlares":true,"showImageEffects":true,"showParticleSystems":true,"showVisualEffectGraphs":true,"m_FxEnabled":true},"in2DMode":false,"pivot":{"x":6.630000114440918,"y":1.3799999952316285,"z":-11.609999656677246},"rotation":{"x":-0.09251135587692261,"y":0.7820116281509399,"z":-0.11963391304016113,"w":-0.6046707630157471},"size":0.13269853591918946,"orthographic":false}